clean_text,llm_sentiment,llm_aspects,llm_reason
在蒙德我是蒙德人，在纳塔我是纳塔人！ —— 谷尼特,正面,['其他'],表达对纳塔的喜爱和归属感
纳塔生活着六大部族，所以古时候也叫六分街,中性,['剧情'],陈述纳塔历史设定
各位兄弟姐妹们你们好 我想找一个pv（好像就是pv） 我忘记是哪个了但好像是官方爆料的纳塔短篇 基尼奇躺在树杈上那个 有没有知道的告诉我吧求求啦,中性,['其他'],寻求帮助找PV
百年间部族争端流血无数，现如今大家团结在火神大人领导下的纳塔和睦相处、团结一致，好啊原宝你隐喻的好啊,正面,['剧情'],赞赏剧情隐喻团结
咱们不用管啥猜啥了 就目前来看茜特菈莉妥妥的就是纳塔女友系角色,正面,['剧情'],对角色茜特菈莉的喜爱
纳塔铁匠铺放个希诺宁不过分吧,正面,['其他'],希望铁匠铺出现希诺宁的建议
之前就在想，纳塔的四星武器好有战队感,正面,['数值与机制'],欣赏四星武器的战队感设计
纳塔初印象：战斗，爽！ 现印象：可以组一辈子纳塔一家人吗,正面,"['剧情', '社交与同人']",表达对纳塔角色和剧情的情感投入
节奏转移大法开始！ 预测几个节奏 1.夏日版本没有可莉，原神抛弃亲女儿 2.有散不玩 3.调香师丑爆 4.纳塔黑皮 有黑皮不玩 5:散太子别沾我夏活，内部爱闹麻了 欢迎补充,负面,"['活动', '抽卡', '社交与同人']",讽刺预测游戏负面节奏
为了，纳塔！ 天亮了，战士们，好好休息吧！ 向所有的牺牲者秉持最崇高的敬意，若有来世，我们在提瓦特大陆，再会！,正面,['剧情'],致敬剧情感动
整个纳塔没玩，为了他连夜回归,正面,['其他'],为内容连夜回归的热情
纳塔科技震撼人心,正面,['剧情'],赞赏纳塔科技设定
好喜欢纳塔壶的户外风光，是我住得最舒适的一个，所以确实希望能得到更多的关注和改进： ① 尘歌壶的室外建筑有各个部落那么多种风格，为什么地图只有一种？流泉之众的小屋摆在蒙德湖的沙滩边比摆在纳塔壶里合适，这对吗？ ② 为什么纳塔壶里养不了龙？龙是纳塔人文景观中十分重要的存在。相比于热气球，能放养龙群，创造人龙共生的栖息地才是纳塔壶该有的水准吧。 ③ 纳塔壶的室内结构还是套用的璃月壶的模板，为什么不能把房间做差异化呢？尝试半开放的灰空间，根据不同格局，玩家可以选择不同置景会更有趣。 ④ 既然大世界里不同地区会有不同音乐，为什么壶里的音乐必须全图只能循环一首呢？在长时间搭建尘歌壶时只能来来回回听一首歌会很腻，可以设置循环歌单，或者不同区域选择不同音乐，这样或许会更好。 ⑤ 取消物体边框超出边界就无法摆放的设定，让户外壶的边缘空间利用起来。以前的树和建筑的方框超出地图边界也是可以摆放的，只要物体本身不超即可，但现在超出一点就变红，制作组需要对这种负优化给出合理解释。,正面,['其他'],喜爱纳塔壶并提改进建议
不如问问纳塔音乐幕后哪去了,中性,['其他'],询问纳塔音乐幕后
既然度假村的地图和烬寂海的一样，那么合理猜测，度假村就是烬寂海，只不过现在纳塔的地脉稳定了，烬寂海也稳定了，旅行者需要特殊的方式进入（主线没过全轻喷,中性,['剧情'],推测度假村与烬寂海关联
枫丹有了人声，纳塔有了歌词， 挪德卡莱歌词部分继续扩大，这是不是象征着人在神明的庭院里越来越有了位置,中性,['剧情'],分析音乐与剧情背景的象征
纳塔圆满了，就差个瑞希等6.0自选,正面,['抽卡'],期待自选瑞希角色
纳塔已经表明了就是有科技的坐飞船不奇怪,中性,['剧情'],陈述纳塔科技设定
看到丝柯克的一瞬间就被俘虏了，现在入坑一周成功肝完纳塔，蒙德，璃月和稻妻主线，纳塔世界任务肝完了，蒙德和璃月的神瞳找完了，雪山肝完了，准备今天把纳塔地图肝满，然后去沉玉谷找鱼，如果时间够就再肝满稻妻，一切为了丝柯克大人！,正面,"['剧情', '抽卡']",为丝柯克肝游戏内容
我觉得纳塔做的还行，但策划不要骄傲，还是要以听取玩家意见，好好做内容为主,中性,['运营'],对策划的建议
咱就是说能不能整点狠活，来个《烟谜主向西移动》，再来点队长开独眼小宝大战巨大化火神，黑曜石奶奶来点纳塔咒术辅助，谁还会说这是小尬剧,负面,['剧情'],吐槽剧情不够精彩，希望增加激烈战斗场面
诶☝️🤓 。 。 。 。 。 。 。 。 。 。 我想说啥来着 算了 祝各位纳塔玩的愉快 干饭时间到了,中性,['其他'],无实质评价，仅为闲聊
纳塔肝完是不是能肝出来70抽左右,中性,['抽卡'],询问纳塔版本能获得多少抽卡资源
怎么说呢，这种精彩和枫丹不一样。枫丹只有一个高潮，纳塔的叙事方式很多样，相比而言没那么出彩。但是故事很感人，也让人感到惋惜。作为过渡章节会很完美。如果6.0系列全是高潮就合理了。,中性,['剧情'],认为纳塔剧情多样但不如枫丹高潮，作为过渡章节完美
在纳塔，开展一项令人热血沸腾的竞技活动，是件大好事。 开展一项六部族共同参与令人所有人都热血沸腾的竞技活动，是件非常非常之好的大大好事。 于是，人与龙又在这片古老的土地上奔跑起来，似乎与这上百上千年间上演的竞逐并无两样。 与纳塔自始至终不熄的火焰并无两样。 中文CV： 瓦雷莎——乔苏 伊法——吕书君 伊安珊——真理 派蒙——多多 卡齐娜——静宸 茜特菈莉——柳知萧 日文CV： 瓦雷莎——M・A・O 伊法——寺岛惇太 伊安珊——大桥彩香 派蒙——古贺葵 卡齐娜——久保百合花 茜特菈莉—— 田野麻美 《原神》bilibili服下载地址：,正面,['活动'],称赞纳塔的竞技活动令人热血沸腾
怎么还没到纳塔，难道要我米哈游最强社管一直流口水吗。,负面,['运营'],抱怨纳塔版本还未开放，表达急切
偶遇纳塔种菜小伙，拼劲全力无法战胜,中性,['其他'],玩梗评论，无实质评价
再见 纳塔 这一年玩得很爽！,正面,['其他'],表达对纳塔版本的满意和愉快体验
原来纳塔的爱豆路是玛薇卡,中性,['社交与同人'],发现纳塔偶像担当是玛薇卡
纳塔交响乐现场 原神联动罗技,中性,['活动'],提及纳塔交响乐现场与罗技联动
纳塔探索就靠你了，绮良良希望你喜欢这几个版本属于你的戏份,正面,['剧情'],期待绮良良在纳塔探索中发挥作用，喜爱其戏份
纳塔疑似有些过于现代化了,负面,['剧情'],认为纳塔的设定过于现代化，不符预期
我以为的纳塔：原始部落，野蛮落后 实际上的纳塔：潮流元气，活泼炫彩 米哈游，这就是每个国家都出乎意料的惊喜吗,正面,['剧情'],对纳塔的潮流风格感到惊喜
总感觉那些一条条的涂鸦会成为纳塔的地脉，由纳塔人对美好生活的向往所编织的新地脉，而且估计是由妹妹提出的，毕竟只知道妹妹是建筑师但没具体说是建造了什么所以可以大胆的猜测一下,中性,['剧情'],推测涂鸦成为地脉的剧情可能性
啊，纳塔真要开大吗？立绘风格都变了,中性,['其他'],惊讶于纳塔立绘风格变化
5.3肯定有新角色的，纳塔主线完结＋海灯节不可能没新角色，估计是tga提名视频藏东西了,中性,['抽卡'],推测5.3版本有新角色
这次纳塔没有钓鱼武器吗？,中性,['活动'],询问纳塔是否有钓鱼武器
虽然我之前也不转圈，但是你个纱布策划砍机制卖卡这点就得挨骂，都玛德几个版本了，之前刚出怎么不当bug修，为什么马上纳塔了就开始修了，我这举报你算不算欺诈消费者,负面,"['数值与机制', '运营']",愤怒指责策划砍机制卖卡，时机可疑，涉嫌欺诈
你今天开不开纳塔，不开我跟你爆了！,负面,['运营'],催促开纳塔版本，语气愤怒
玛拉妮所在的小岛很容易爆炸，因为她是纳塔鲨（娜塔莎）,中性,['其他'],玩谐音梗冷笑话
原来过场动画不是我的问题啊，我还奇怪怎么就结束了，连个动画都没有，退钱,负面,['剧情'],抱怨过场动画缺失，要求退钱
这音乐太好听了，没有名字吗，我想专门听,正面,['其他'],赞扬音乐好听，想找名字专门听
买一瓶送给我女朋友 。 。 。 哦，我没有女朋友，那不买了,中性,['其他'],调侃购买意图，并无明显情绪倾向
不是不听，而是怀疑，因为你提的意见未必具有普适性和科学性，其次，水涨船高，钱赚的越多胆子越小，捧的太高怕摔的更惨，米现在没有当年大刀阔斧去干的勇气了，开始求稳了,负面,['运营'],批评游戏公司缺乏创新勇气，求稳
下载抖音极速版扫码免费领20抽那个到底是真是假？怎么有些人说有，有些人又说没有？官方做个证啊,中性,"['抽卡', '活动']",询问免费抽卡活动真假，要求官方证实
怎么没有深渊使用率了？,中性,['数值与机制'],询问深渊使用率缺失
你们自己做出来的活动后玩过没有？ 这指引跟没有一样。,负面,['活动'],批评活动指引缺失
󠀠󠀠🤓👆这不快挪德卡莱了吗？中间忘了，后面也忘了，总之这是入坑原神的好机会啊！ . . . . . . . 你瞅啥？我没有成品号😂我的号UID196628274可以加一下好友,正面,['社交与同人'],推荐入坑并加好友，态度积极
套装是不是没有特殊能力啊？不要想无线暖暖一样啊！,中性,['数值与机制'],询问套装是否有特殊能力，不希望像无限暖暖
讨论价值高的都推上热评了，最新这里只能尽量保证没有讨人厌的虫子，保证不了有很多高质量讨论，毕竟现在虫子还没清理干净,中性,['社交与同人'],评价社区讨论质量，提到虫子未清
网易又没有，转qq了,中性,['其他'],陈述平台变动，无明显情感
今年怎么没有渊上了,中性,['活动'],询问渊上活动缺失
我记得原神之前不是没有激励计划了吗 这是又开了？,中性,['运营'],询问激励计划是否重新开启
去年以为枫丹的风格会超戳我，绝对会抽爆（然而没有）好家伙原来都在纳塔等着呢，真是万万没想到竟然每个版本都有想抽的，梦回刚入坑的那年 PS：可能也因为去年枫丹剧情高潮正好赶上巨人最终篇那段时间真的是没有任何动漫能治愈内心的空洞感,正面,"['抽卡', '剧情']",表达对纳塔抽卡计划的满意，回忆对比
能不能复刻一下可莉？为可莉入坑，到现在都没有,负面,['抽卡'],请求复刻可莉，表达遗憾
真耐看啊这两个皮肤，虽然没有那种惊艳感，但越看就越觉得好看,正面,['其他'],赞美皮肤耐看
可惜当年没有高强度冲浪，开服一段时间之后才接触到,中性,['其他'],遗憾没能更早接触游戏，感慨
补个龙龙饼干吧，这引导啥的做的真心不好，还没有高亮,负面,['活动'],批评活动引导差，没有高亮
所以五年的游戏还是没有快捷合成台对吗🤣👉🏻,负面,['数值与机制'],吐槽五年游戏仍无快捷合成台
每天和大佬们到处跑图躲猫猫，没有啥强度焦虑和节奏，感觉还是挺友好的,正面,"['社交与同人', '活动']",描述与大老跑图躲猫猫，氛围友好
问一下没有妮露心海，菈乌玛还可以组什么比较强的队伍咧🤔,中性,['数值与机制'],询问角色组队搭配，语气平淡，无情绪倾向
新角色真的不好看啊……没有氪金的欲望了,负面,['抽卡'],批评新角色外观不好看，影响氪金欲望
摩托有割裂感，宅女就没有割裂感啦，双重标准笑死🤣（叠甲，我都喜欢）,中性,['其他'],讨论角色设计割裂感，但表达个人都喜欢的立场
四星的夏沃蕾是火雷双减抗双增伤，为什么同样限制元素的五星爱可菲的命座只拐冰系？那维莱特的天赋至少要两种反应，玛拉妮要打蒸发，这两个超模大c根本就和爱可菲不兼容，所以为什么还要防着神里绫人这种数值拉胯强度低下的水c？神里绫人没有高附着打蒸发的命，得了全角色最低倍率的病；没有生命模组数值膨胀的命，得了纳塔版本替龙王还债的病；没有某些角色至少剧情占模的命，得了数值和剧情双双垫底的病。眼看好不容易有了爱可菲这根救命稻草，非要把路给堵死吗？ 其他老角色，比如魈2.6圣遗物加强，3.3珐露珊加强，4.5闲云加强，5.5下落套加强，6.x大概率还有更强的武器加强，但有的角色从上线到现在连一个契合的拐和体系都没有，难道人气低的角色就不配被关注吗？ 加强爱可菲命座1和2，给予水系50增伤,负面,['数值与机制'],强烈抱怨爱可菲命座设计不合理，限制水系，要求加强
哦豁，上半有枫丹角色而下半没有，但是上半没有枫丹限定四星武器而下半有 总不会是佩露薇莉算半个枫丹人吧,中性,['活动'],分析上下半卡池分布，语气疑惑
没有人磕漱玉和花角玉将的cp吗，。娃娃亲诶,中性,['社交与同人'],询问是否有人磕某对CP，无情绪色彩
真的一点都带入不了主角怎么办，完全没有杀人的勇气和原谅全世界的脸皮,负面,['剧情'],抱怨无法带入主角设定，觉得不合理
火神会不会给没有夜魂值的角色加啊。_,中性,['数值与机制'],询问火神技能是否覆盖无夜魂值角色
开服玩家到现在没有琦良良,中性,['抽卡'],陈述开服至今未获得琦良良的事实
3.3：🤔为什么五百年过去了，每一届大贤者都要把草神关起来呢？难道其中就没有好人或者良心发现的人吗？ 4.8：🤓👆他们不愧贤者之名（转载的）,负面,['剧情'],讽刺剧情前后矛盾，嘲讽贤者设定
"第一步:游戏内【派蒙】 - 【反馈】。 第二步:转人工客服 第三步:直接要求开纸质发票（一定要坚持要纸质发票，客服会让你自助开电子票的，就算是电子票也需要商家提供打印设备，就说没有打印机，坚持要纸质票，要他们打印准备好，多少天后自己去取） 第四步:发送支付宝或者微信账单截图，发送邮箱，电话等信息，客服会叫你预约时间。 第五步:随便给个工作日时间让他们开票去吧，去不去取就看你心情咯。 开发票操作流程非常简单,开纸质发票需要投入大量的人力和财力,对米哈游而言也是一大损失 ,效果肯定是有的。就是要看官方的处理态度了, 如果一个工作日内没有受理请求 ,可以前往税务局言网进行举报。（注意：一定要要求开纸质发票，电子票他会让你自助开，亲测有用）",中性,['运营'],提供开发票维权流程，无显著情绪
我在杭州啊啊，为什么杭州没有主题店啊,中性,['活动'],抱怨所在地无主题店，但语气平淡
魔女M：小杜林想来提瓦特没有合适的肉体咋办啊？ 莱茵多特/阿贝多：同意捐献（异口同声） 主治医师阿贝多：好的，手术开始 大杜林：不是？你俩真是我亲哥亲妈啊？,中性,['社交与同人'],创作角色对话玩梗，无情绪倾向
发个癫被女德家捉住了，重新发一条，作为一个热爱正太和性感大姐姐的腿控，虽然很遗憾小杜林没有穿短裤，但是长得这么漂亮，必抽,正面,['社交与同人'],表达对小杜林外形的喜爱并决定抽取
哎，没有社管,中性,['其他'],简单感叹没有社管，无明确情绪
好消息：伊法光速复刻，而我正好没有伊法 坏消息：这两个池子我都不打算抽,中性,['抽卡'],陈述抽卡计划，有得有失但整体平淡
为什么kfc魔术特调没有食谱?,中性,['活动'],疑惑联动活动食谱缺失，未表露强烈情绪
谐率套我他妈刷到现在一个带爆伤的爆率头都没有，你觉得合理吗？还好进了，你前瞻还不说,负面,['数值与机制'],抱怨刷圣遗物不出货，表达不满
请选择🐶的说辞: 1，《米宝还是听劝的》 2，《好耶，又有朋友费了》 3，《太好了，就差这十连》 4，《失忆了，今天发生了什么？》 5，《有钱抽……了》 6，《没有朋友费了，米黑继续冲啊。》 7，《从来不转，啥问题没遇到，福利拿到爽。》,中性,['其他'],罗列玩家常见言论，无自身情感表达
为什么没有PV啊，不会已经制作好了，但是突然废了吧🤓,负面,['运营'],抱怨没有角色PV，怀疑内容被废弃
官方动态跟视频底下评论区咋不一样呢🧐,中性,['运营'],对官方动态和视频评论区差异提出疑问
玛德仆人材料啥的都准备好了，刚才刷视频下版本丝柯克，少女，下下版本法尔伽，这让我如何抉择,负面,"['抽卡', '运营']",因未来角色爆料多而难以抉择，情绪烦躁
刚看了个视频，想起来兑换码没换,中性,['活动'],提醒自己忘记兑换活动兑换码
兄弟们，你们有见过这个视频的同时在线观看人数低于300的吗？,中性,['其他'],询问视频在线观看人数问题
播放量真对得起视频质量，遥想当年绫华宵宫，让人印象深刻,正面,"['抽卡', '剧情']",称赞视频质量且回忆过去角色印象深刻
新的鸡爪来了，这玩意直接在官方视频下面推，记得与时俱进,中性,['运营'],指出官方视频下有新的推广内容
这些CG在官方视频都是60帧的，为什么游戏内我这全是30帧的啊？用PC玩的，印象中所有画面设置也调到最大了……每次触发CG我都得紧急切换到一个 帧生成软件打开再切回来等5秒,负面,['数值与机制'],抱怨游戏内CG帧率低，体验不佳
看了这么久剧情视频，有点不明白 就是为什么 所有提瓦特 大陆的 角色对 派蒙 都不感到惊讶，,中性,['剧情'],对提瓦特角色不惊讶派蒙的剧情问题表示疑惑
昨天看到那个ai作图的视频，妈呀笑死我了,正面,['社交与同人'],觉得同人ai作图视频很好笑
有些百万视频都做不到的点赞投币量,正面,['其他'],称赞视频点赞投币量超过百万视频
为确保用户的观看体验，保护社区友好交流的空间，bilibili禁止恶意使用弹幕、评论、标签和私信功能，禁止发布重复的、令人厌恶的、无目的或与源内容无关的信息。包括但不限于： （1）发布大量重复的与视频内容完全无关、无意义的弹幕、评论； （2）添加与视频内容完全无关的标签； （3）使用底端弹幕刻意遮挡字幕等关键信息。,中性,['运营'],提醒社区规则
BV1EicHeQEAF 已经官宣了，你的视频是正确的，快来打评论区的脸,正面,['其他'],庆祝视频内容被官方确认，打脸质疑者
我氪的钱变成了骂我是水军的视频和集美最爱的小男孩，我成赛博胖猫了，太讽刺了啊,负面,"['抽卡', '运营']",觉得氪金被用于制作批评水军的视频和迎合特定群体，感到讽刺
视频标题原文来自戴望舒的抒情诗,中性,['其他'],指出标题来源
主要是你不发立绘的话，测试服视频也会满天飞的，，推迟一下意义不大反而还给内鬼流量，你这波我是没看懂,负面,['运营'],质疑推迟发布立绘反而给内鬼流量，对策略不满
米你知道吗，昨天刚刚过完活动剧情刷下视频号，你的草系鹿小姐姐和执灯人男子已经还有可爱萝莉已经全被爆出来了（包括武器技能待机和突破材料）都给我看懵了,负面,['运营'],抱怨角色信息被大量泄露感到懵
请不要在原神视频下面刷无关的东西，谢谢,中性,['社交与同人'],请求不要在原神视频下刷无关内容
"你们都在发洗耳朵,我于是好奇点进了某TV的视频,好吧,好奇害死猫!",负面,['其他'],因好奇点进某个视频后感到后悔
《当前直播间被管理员切断直播》 啊～😭 幻想自己21年的时候可以做出原神😨，成为二次元游戏的翘楚🥹 幻想自己是番剧界的一王，所有二次元的番剧都在这里看😇 幻想着自己到处统合了整个二次元商品，大家买手办都到这里买😘 幻想着自己纳斯达克这边～100美元一股🤑 成为了能够跟YouTube竞争的长视频平台🥳 幻想自己短视频也做的很好 可以和抖音同台竞技👍 幻想着自己，那些大主播，都优先来你这地方发视频😤,负面,['运营'],通过幻想讽刺平台现状
月之一版本的剧情体验很好，视频里的基本都做到了，期待后续希望继续保持加油,正面,['剧情'],称赞月之一剧情体验好，期待后续
既然临时削弱，能不能让创体up出个视频说明一下，这样我就没意见了,中性,['数值与机制'],对临时削弱提出条件，表示可以接受
一个4.1的角色，刚出来不改，复刻也不改，到版本末期了，这期间那么多视频攻略提了多少次，都不改，等复刻完了，💰捞够了，你tm想起来改了？还有那些替原说话的，你们太幽默了,负面,"['数值与机制', '运营', '抽卡']",批评运营在角色复刻后才调整，质疑捞钱动机
新 服装宣传视频让我想起在魔法觉醒氪的衣服的痛了（不过男女号脸都好好看）,中性,['其他'],回忆其他游戏氪金经历，但称赞角色脸好看
立绘是真的好看但是b站内鬼视频糊我脸上了，米哈游什么时候管管啊,负面,['运营'],称赞立绘但对内鬼视频泄露不满，呼吁官方处理
友情提示，本视频评论区大多数评论不值得一看，会影响你的好心情的,中性,['其他'],提醒评论区内容影响心情
有《原》就有我，视频没有流量只能多评论多互动，要个关注谢谢生日快乐,中性,['其他'],求关注互动，与游戏内容无关
既然大家都进迟滞之水了，来给我视频点赞BV1Hg8cz8Es2,中性,['其他'],借游戏话题求点赞
奶奶的所有剧情和视频就像是一部连载小说，无数的铺垫和伏笔到最后全部回收，成功的在我心里留下了她的颜色，非常成功的角色塑造,正面,['剧情'],盛赞剧情铺垫和角色塑造
这动画是实机还是视频啊,中性,['其他'],询问动画是否为实机
猜你在找（菈乌玛首次登场视频的bgm，也是近月的隙间场景bgm）,中性,['其他'],分享游戏音乐相关
反复看了很多遍，这音乐和视频太契合了，就像评论所说得，很有看夏目友人帐的味道，夹杂着淡淡的忧伤，不可结缘，只会徒增悲伤,正面,['剧情'],称赞音乐与视频情感契合，具有剧情感染力
原神其他视频我不管了，这个视频不准给我刷怪,正面,['社交与同人'],表达对视频的喜爱，不希望被负面评论破坏
励志走遍每一个锐评4.8和其他角色的视频,中性,['其他'],宣称要参与锐评视频
六星雷神！我现在就要玩5.5 另外来晚了发张给诺宝庆生的原摄（感兴趣可以看看我的视频，拜托拜托）,正面,['活动'],期待新版本并庆祝角色生日
12点有新视频看吗,中性,['其他'],询问是否有新视频
我嘞个咪惹闷啊，某散视频11w上不了😱,中性,['社交与同人'],惊讶于某散兵相关视频未达预期播放量
找开放世界材料获取方法，就去痘印电脑版，视频全乎，跟着找材料，采集超顺利。,正面,['数值与机制'],推荐材料获取攻略方法
这个叫b站是吧，视频都好可爱啊，萌新请多关照( ・ω・)o-{{【〃】}},正面,['其他'],萌新称赞视频可爱
"原神姐姐上科隆屏了，妹妹们不会不高兴呀，原来有游戏拿过本年度的大奖呀，猜猜谁没拿过TGA(｀・ω・´)好了 不开玩笑了,隔壁绝区零发新视频了 ，大家去看一下。",中性,['其他'],调侃奖项并引流至绝区零视频
话说怎么感觉米的推流变多了，我在视频刚发布看完一遍外加三连了之后已经在主页看到至少3次这个视频了,中性,['运营'],注意到视频推广频繁
现在社区环境这么烂，我有一计，让米哈游把考迪克招过去当高管，这样米黑暴黑就是一家人了,负面,['运营'],讽刺社区环境差，提出荒唐建议表达不满
是的！就是今天！终于我也可以发这条评论啦！！,正面,['其他'],表达终于可以发评论的兴奋，无具体游戏内容
Bgm叫 曜间浮行，她房间bgm就是这首的加了人声的变奏,中性,['其他'],指出特定BGM及其变奏，属音乐分享
估计就是米家里面有人心里扭曲把自己带入散兵角色然后夹私货了，几年前还有虐主角的游戏，这两年各种有女不玩有男不玩的的节奏，老米怎么可能还敢这么搞，也就是煎饼摊大了，内部审核不过来了，员工私货能夹出来了，幸好是老米没上市，不然这波员工私货能把原神一整个版本的收益给赔掉，希望老米能吸取点教训，以后加强点内部审核吧,负面,"['剧情', '运营']",批评内部夹带私货，希望加强审核
我宣布，在挪德卡莱，爱诺就是最大的惊喜！,正面,['剧情'],表达对角色爱诺在剧情中的惊喜
这就是我热爱原神的原因呐,正面,['其他'],笼统表达热爱游戏的原因
希望大家记住，这次的节奏不仅仅是针对龙王，而是米这次敢这搞，尝到甜头后下次它可能以同样方来修复其他强力角色的bug，比如万叶仆人胡桃水神等，管你是不是真的bug，它现在要卖卡什么都可以做得出来，所以，不管你对水龙持一个什么样的看法，这种撕卡被刺的行为本身就很恶心，这件事不闹大的话那这就是个开始，能有这一次就会有下一次，指不定下一个轮到的就是你推，说不定未来纳塔的汤被一些老角色喝到的时候也会以bug的形式改了呢。,负面,"['数值与机制', '运营']",担忧角色遭修改为卖卡铺路，认为背刺玩家
有问题以后的没生IP璃月千年会不会是一个战棋系统，就是以魔神战争和凯瑞亚战争为背景，描述那个黑暗与希望并存的年代，通过规则书和官方小说补全世界观，然后靠卖角色旗子赚钱,中性,['其他'],猜测衍生作品可能采用战棋玩法
不是水军的也憋在这感谢水军了，这些水军唯一的作用就是让xxn编剧挺直了腰杆，觉得自己写的没问题。水军就是猪队友一个，还真当成帮自己造势的了？,负面,"['剧情', '运营']",批评水军误导，编剧内容不受欢迎
玩了3年就是这么让你背刺的,负面,['运营'],对长期游玩后遭受背刺感到不满
其实新手的话缺啥选啥就是最好的,中性,['其他'],给出新手选角色实用性建议
你说的对，但是这就是我们单人礼盒有货，双人礼盒没货的脉动,负面,['运营'],吐槽周边礼盒备货不合理，双人款缺货
各位，我一个玩mc的同学说原神的ucg不就是迷你世界吗,中性,['其他'],转述他人将原神内容类比为迷你世界
要是丝柯克的话会优先选择报仇，而丝柯克选择了让自己变得更强，直至有一天更改变宇宙弱肉强食规则，从而是弱者得到保护，这可能就是她的魅力之所在吧,正面,['剧情'],赞赏丝柯克角色成长与魅力
就是……为啥我看她老让我想起冰火魔厨,中性,['其他'],个人联想，无褒贬评判
可惜是单手剑，最没有生命武器的四星。不过堆充能也不亏就是了。说起来也未必是坏事。,中性,['数值与机制'],评价武器类型与充能实用性，整体中性
不用非得计算那么多，本质就是小保底不歪概率上调到55%，剩下的就是演出。说白了就是其他游戏有时候会碰到的变色卡池那种玩意。,中性,['抽卡'],解释抽卡概率调整机制，比喻为变色卡池
只要主角不睡覺，你就是個好遊戲，加油,正面,['其他'],鼓励游戏保持主角活跃，整体肯定
这不就是fgo那个闪卡吗,中性,['其他'],指出某机制类似FGO闪卡，无情感倾向
现在的问题只有一个了，那就是既然是每大约三个月一期活动，那么每次活动更新时可选角色池是否会更新,中性,['活动'],询问活动更新时角色池是否会轮换
木偶准备打的是上次遇见的猎月人，谁成想这次升级这么大，要不说给木偶时间准备，没准就是概念神（,中性,['剧情'],调侃角色升级，未带明显情绪
绷不住了， 有面具就是花火？有笑声就是花火？你家申请专利了还是,负面,"['剧情', '社交与同人']",反驳他人对角色身份的猜测，带有不满
1.6:盛夏!海岛？大冒险! 2.8:仲夏!幻夜？奇幻曲! 3.8:清夏!乐园？大秘境! 4.8:侵华!日军？我来洗!🤣🤣 稻妻逃犯，至冬战犯，须弥太子爷， 三度哥，博士宠物，风系超雄【ok】 发烧了😫 哦原来没有，才3℃😗 啊，3℃😰😰 想起来了😃🤗🤓 我曾三度遭受背叛😏 只要把记忆删掉，我们虾仁犯就是心地善良😃 只要把差评删掉，新活动就是好评如潮🤣🤓😭 只要把老玩家删掉，社区就是一片勃勃生机，万物竞发的景象☝🤓我们原神官方真是太有实力了啦，，,负面,"['活动', '运营', '剧情']",讽刺官方活动及运营删评控评行为，玩梗表达不满
我就是奶奶的狗∪･ω･∪！,正面,['社交与同人'],表达对角色的喜爱，是粉丝表白
你以为为什么现在还有“爱女姐”这种人存在，就是因为中国大环境在全世界相比真的太好了她们根本没反应过来这是歧视装的好一手啊米哈游，pua大师,负面,"['运营', '社交与同人']",批判米哈游PUA玩家，指责歧视伪装
说一下那个联机活动，我实在是没感觉哪有PVP的味道，没交流、也看不到对方视角，感觉就是一个更高级的人机,中性,['活动'],评价联机活动像高级人机，无强烈情绪
你要是能给之前的探索度补原石就是绝杀,中性,['运营'],提出给探索度补原石的建议，期望语气
好笑的是龙王蓄力期间还是和之前一样可以转 就是明着加了蓄完后的dpi下降,负面,['数值与机制'],讽刺龙王机制调整，明升暗降DPI
这就是你描述的战争国度吗🤓🤳,负面,['剧情'],讽刺游戏描述的战争国度与实际不符
那黑化的塔利雅是不是就是「黑塔利亞」🤓👆,中性,['剧情'],玩梗猜测角色名字，无情绪倾向
崩铁今天开3.0原这边是不可能发pv的。至于为什麽原神开5.3当天崩铁前瞻，问就是崩坏ip>原神ip 我猜大概就是这样。还有少相信内鬼，都翻车多少次了 真的看看就好,中性,"['运营', '社交与同人']",分析版本发布安排和内鬼信息，客观讨论
你所热爱的，就是你的厨房,负面,['其他'],改编梗讽刺原神，带有负面调侃
米默这就是傲娇啊，夸米等于绿了他们，骂米是想吸引米的注意力，讨厌是因为太喜欢了痛恨米哈游的花心，这就是爱啊,中性,['社交与同人'],调侃米黑行为，语气戏谑无强烈情感
麻麻，我要去虾仁☝️🤓 孩子，你从哪学的 原神，虾仁会获得高尚的灵魂 不是不让你乱玩游戏吗 没乱玩，原神是12+，适合我这个年龄发烧了😫 哦原来没有，才3℃😗 啊，3℃😰😰 想起来了😃🤗🤓 我曾三度遭受背叛😏 只要把记忆删掉，我们虾仁犯就是心地善良😃 只要把差评删掉，新活动就是好评如潮🤣🤓😭 只要把老玩家删掉，社区就是一片勃勃生机，万物竞发的景象☝🤓 我们原神官方真是太有实力了啦 104jdnjdbd,负面,"['运营', '社交与同人']",讽刺官方删评控评及社区管理，明显不满
原神你就是个💩,负面,['其他'],直接辱骂游戏，强烈负面情绪
如果你能解锁一下高帧很多人不会去铤而走险。有一个东西大家是不知道的，原神的攻速因为帧率有阈值，最经典就是skk，正常帧率能4套半，高帧是能5套的,中性,['数值与机制'],建议解锁高帧率，讨论攻速阈值问题
我看有人疑惑为什么执行官这么多在呢德卡来…… 正常啊，呢德卡来就是至冬的一部分而已。又不是哪德卡来国,中性,['剧情'],解释剧情设定，语气平静
好棒，有种琳琅天上时期的QQ飞车会选的歌的感觉，听这歌跑飞车一定很带劲当年玩的时候第一辆买的车就是摩托，希望火神不歪，我真的很想再驰骋一次口阿！,正面,"['抽卡', '其他']",喜欢活动歌曲，希望抽卡不歪，表达期待
你就说前面海岛那会像这样被人骂剧情什么的吗，顶多是不太喜欢那么长的流程，大部分人就是不愿意看到那个其他，一个这么有争议的角色，一定要保持一个贱贱的模样，一定就是不好好安排一个合理大家能接受的洗白，一定就是要让其他厨子吵起来，本来须弥很多节奏搞得原本是一张纸变得开始变质，到枫丹几乎开始把所有小的问题放大，我一个开服走过来的能撑到现在我都不知道我现在上线玩的意义是什么，5k多投进去，我还不如给自己吃几顿好的，真想给自己抽两巴掌，还有，我是个图鉴党，抽到其他是我此生最后悔的事。,负面,"['剧情', '抽卡', '运营']",强烈不满剧情角色塑造、后悔抽卡和投入，失望
不是，刚出的时候你不改，枫丹版本结束你改了，神经吧，别败人缘了，对外被喷op，对内还要被策划恶心，就是很喜欢也溺爱不了,负面,"['数值与机制', '运营']",批评机制改动时机不当，指责策划恶心玩家
每年夏活都在，看到彩蛋那一刻瞬间泪目。还有这次剧情也写的好好，屏幕里的阿帽在救赎杜林，创作这个故事的老师们的的确确安慰到了屏幕外的我。像是在不美好的世界里提供了一个避风港，真的很感激，谢谢你原宝,正面,"['剧情', '活动', '运营']",玩家对夏活活动和剧情感到感动和感激
抽卡也这么欧就好了QAQ,中性,['抽卡'],玩家调侃希望抽卡运气更好
那个 瑞希只用考虑解决问题的评论 眼皮底下消失了。我就奇怪了，我们玩家的评论区这么会有人举报，谁在暗恋,负面,"['运营', '社交与同人']",对评论被删除表示不满
没人冲新深渊吗？看来老玩家还挺多的，人数都够,中性,['数值与机制'],调侃新深渊可能没人抱怨
看到这优化一肚子火，这么能混日子呢？你是不是还觉得自己挺细节的？过家家的剧情搞了5年，正经主线内容占比多少？还不让玩家跳过，破日常剧情都要点一个小时，重要剧情不让跳过就行了，什么调香师梦见月日常加个跳过键，感兴趣我自己会看，别成天在地图左上角挂着,负面,"['剧情', '运营']",对剧情无法跳过和优化不满
四十多分钟了，朕的千日牢玩家大军呢，冲锋这么慢的吗（派蒙流口水.jpg）,中性,['社交与同人'],调侃玩家评论大军迟迟未到
总感觉伊涅芙在后续的剧情里会坏掉,中性,['剧情'],对后续角色剧情的猜测
我点下了“筑梦模式”按钮。 无数的模型、素材和逻辑编辑器闪烁着光芒。 这就是《原神》的UGC玩法。 “我要建最棒的纳塔主题关卡！”我握紧拳头。 “这个想法不错。”基尼奇不知何时出现在了我的身边。“我可以提供咨询服务，友情价。” “我伟大圣龙库胡勒阿乔的创意指导可是无价的！”他肩上像素龙戴着墨镜叫着。 我打开编辑器拖动素材。一个平台，一座浮空石，再来一只可爱的匿叶龙…… “平台间距过大，不符合一般人的跳跃能力评估。修改建议，五千摩拉。”基尼奇在本子上记了一笔。 “你应该在这里放一个岩浆池！”阿乔大喊。 “怪物设置过于单调。”基尼奇又说，“缺乏挑战梯度。优化方案，一万摩拉。” “放十只贪食匿叶龙山王！”阿乔激动地说。 在一人一龙的“指导”下，我的钱包迅速缩水，关卡也变得越来越……一言难尽。 终于，到了朋友们测试的日子。 “哇！旅行者设计的游戏吗？”玛拉妮满眼都是小星星。 “嗯哼，也就一般般吧。本奶奶玩过的神作多了去了。”茜特菈莉打着哈欠，“希望剧情不要像《蜃楼战记》最新一卷那么拖沓。” “这套障碍路线……似乎可以作为新的心肺功能强化训练。”伊安珊一脸认真地分析着。 测试开始了。 玛拉妮第一个冲进关卡，她踩着鲨鲨冲浪板，无视了我精心设计的路线，直接从水面抄了近道。 “耶！通关！旅行者你这个设计太棒了！”她对我挥手。 我：“……” 接下来是伊安珊。她全程没有攻击一只怪物，而是把它们当成了移动的训练器材，不断地进行折返跑和跳跃。 “不错，这样的关卡可以达到有氧训练效果。” 轮到茜特菈莉了。 “啧。这个开场毫无代入感。叙事节奏一塌糊涂。” 她走到我的第一个谜题前，那是需要按顺序激活的火方碑。 “这种解谜方式……连八重堂三流小说的作者都嫌老套。” 她随手一挥，强大的冰元素力冻结了所有机关，触发了BUG，前方的门……开了。 “剩下的关卡……就那样吧，反正结局肯定也很无聊。” 测试结束，我垂头丧气。 基尼奇走过来，递给我一张长长的清单。 我接过来一看。 “咨询费……场地租赁费……素材损耗费……” 最后的总金额是一个我不想数清有多少个零的数字。 我石化在原地。 “哼哼，看到了吗？”阿乔在我耳边得意地说。 “本圣龙的创意才是无价之宝！现在，我们来谈谈我的创意总监费用吧……” 那一刻，我的钱包和梦想，一起碎成了像素。,正面,"['社交与同人', '活动']",玩家创作了关于筑梦模式的同人故事
好好，我认可科隆游戏奖的含金量了,正面,['运营'],认可游戏获奖含金量
5.0更是重量级我只能说这么多,中性,['其他'],对5.0版本的简短评价，未明确情感倾向
以防大家不知道，脉动联动已经可以线下店买了,中性,['活动'],告知脉动联动活动信息
是神之眼不是月之轮！,中性,['剧情'],纠正关于神之眼的称呼
我想问一下各位，任何一个游戏做得好，做得不好，玩家都应该有自由讨论的权利吧？做得好了就该夸，做得不好了就该骂，这是没问题的吧？我就想问为什么一个游戏做的不好，还不能说，说了就要被骂，这是正常的现象吗？玩家既然选择了来玩这个游戏，还给你这游戏充了钱就证明肯定是支持并且喜欢这个游戏的，那你做的让大部分玩家消费者不满意了，说一些你做的不好的地方让你改进这不是正常的现象吗？为什么玩家玩个游戏都要被捂嘴呢？这样去惯着游戏厂商，一发什么都是无脑的夸这游戏都只说这个游戏这好那好，这不就是妥妥的饭圈味了吗？觉得有问题就应该说出来，而不是被某些用户堵嘴，而搞得这游戏名声都臭了，这样是不好的，钟离龙王事件都是靠玩家争取出来的，没有玩家敢于发声就没有现在好用的钟离和还能接着转圈的龙王，如果只是这样一昧的惯着，那下一个活动剧情就有可能复刻4.8的勇者剧情了，有什么意见就应该正常的提出来，这样是没问题的，最后再说一句，你到底复不复刻莱欧斯利还有绿剑？我都没见过这两东西长啥样,负面,"['运营', '社交与同人', '抽卡']",批评社区对负面意见的压制，要求改善运营和复刻
你为什么今天才让散兵出场😭👊我们内鬼厨用解包截图做的图在手机里躺了4天了，大本营都内战起来了你都没让散兵出来😭👊还把妮露的CG放这么靠前，你是诚心想针对我们内鬼厨啊😭👊你的蛋糕这么大分我一块又怎么了😭👊,负面,"['剧情', '运营']",对散兵出场安排太晚表示不满
小派蒙怎么这么可爱,正面,['剧情'],表达对派蒙的喜爱
隔壁老玩家几天8.3万，牢玩家一天60万，我们牢玩家真是太厉害了🤣,负面,['社交与同人'],对玩家群体活跃度比较的讽刺
大家警惕原铁拉踩串子，故意在那里ky的，然后下面评论都在那反串切割什么的。遇到记得举报，之前已经来过好几次了，有组织有纪律刷评论反串的。,中性,['社交与同人'],提醒警惕社区中的拉踩串子
不是，真把可莉搞失踪了？？,负面,['剧情'],对可莉失踪剧情的惊讶
5.7版本是最棒的剧情，真的惊艳到我了，不说了多冲几个648,正面,"['剧情', '抽卡']",对5.7剧情极度满意并表示要充值
原神你是不是忘记了给火神和旅行者关于不能共鸣的剧情或者对话,负面,['剧情'],指出火神与旅行者不能共鸣的剧情缺失
"我要是友商，5.0大版本前，我肯定黑一波呀。为什么大版本末期都会出现大节奏，你们以为米哈游会不知道，一查一个准，我要是友商的运营逻辑，5.0大版本开始前不黑，后面还有机会抢用户吗。某科韵路传统艺能，我虽然也在广州，是非游戏行业运营，但科韵路传统还是久有耳闻的。大版本开始前的点1,2版本都是米哈游宣发矩阵的大投入时期，线下线上，宣传物料全部上线，这个时期友商运营怎么打，肯定避其锋芒呀，所以大版本末期节奏就不足为奇了，商业就是这么朴实无华。你死我活的事。暑期那些未出社会学生，或是涉世未深的玩家只是这次节奏的子弹。",中性,"['运营', '其他']",分析游戏大版本前友商带节奏的商业逻辑，未表达明确情感
复活瓦谢！！实机多托雷！！😡 瓦谢也只是杀了几个人呀他可是为了自己的爱人知道吗？枫丹人为了变成人的私欲窃取了原始胎海的力量，我们瓦谢只是为了把他们变成最原始的身份而已，为了自己的爱人而努力，难道不是一种高尚纯洁天真的品质吗？我们瓦谢也应该去希穆兰卡拯救世界 速速复活瓦谢加入卡池😫 我们可以让多托雷进卡池吗，他也只是用了数不清的人做人体实验而已啊，他可是为了科学知道吗？那些人为了科学而贡献自己，我们多托雷只是为了把他们让他们的牺牲变得更有价值，为了那些自我牺牲的人而努力，更加去认清世界的本质，难道不是一种高尚纯洁天真的品质吗？我们多托雷也应该去希穆兰卡拯救世界 速速让多托雷加入卡池😫 多托雷只是让他们的牺牲变得崇高，又没有杀死他们。 让他进卡池吧。😢😭,负面,"['剧情', '抽卡']",反讽批评反派角色剧情设定，并戏谑要求加入卡池
我发现有小骸来带节奏了 故意拔高大家的期待 他们说这个兑换命座的池子每期都会有变动 首先我先讲我自己的看法 大概率这池子一年内不会大变 估计等到明年周年庆会再加上枫丹 以此类推 所以大家先不要擅自期待 还有那个每期的次数能不能先不用屯着 我看好多说能的 也有说不能的 这个只看图片上的几句文字并不能明确指出能不能 所以大家先等等后续官方的回答 不急 还是那句话不要被别有用心的小人给利用了 最后祝大家在未来新的版本里游玩快乐,中性,"['抽卡', '运营']",理性分析新卡池机制，呼吁冷静期待
不是龙王不能转了 而是龙王不能赚了,负面,['数值与机制'],对那维莱特转圈机制修改表示不满
一游二字，硬洗三兵四人，不顾五六年玩家身份，七八水军，九成傲慢，十分不满。 十玩九吐，误罪八怨七怒，莫谈六五成歪卡足包路，四三病处，二手入库，一心泅渡。（转载）,负面,"['抽卡', '运营', '剧情']",改编文字表达对游戏多方面不满，包括运营傲慢、抽卡体验差
这次 海灯节剧情真劲啊，过完剧情两天还惦记着,正面,['剧情'],称赞海灯节剧情令人印象深刻
木偶:我来是给你们一个警告，不要和愚人众作对 玩家:你们是想被龙王用潮水连接大脑还是想被火神轰鸣代替思考，是想吃如月长存还是想吃群星寂灭?,中性,['社交与同人'],社区玩梗调侃，未表达满意或不满
支持玩家们正义带节奏！你们策划们休想掩盖我们的愤怒！四年前钟离事件和前段时间那维莱特事件是数值运营策划们的错。那么像三年前的心海传说任务、3.0至3.3须弥主线魔神任务剧情和现在4.8版本大活动剧情则是文案剧情策划的错。 你们这两拨人对得起那些负责美术音乐的策划同志们吗？,负面,"['数值与机制', '剧情', '运营']",批评运营中的数值和剧情策划错误
能不能多出点男五星，一年了就一个基尼奇主线剧情还堪比路人，欧洛伦哪点不适合做成五星？？,负面,"['抽卡', '剧情']",对男五星角色少和剧情分配不满
祝大家身体健康,中性,['其他'],单纯祝福，与游戏内容无关
我们可以复活瓦谢吗他也只是杀了几百个人呀他可是为了自己的爱人知道吗？枫丹人为了变成人的私欲窃取了原始胎海的力量，我们瓦谢只是为了把他们变成最原始的身份而已，为了自己的爱人而努力，难道不是一种高尚纯😋😋洁天真的品质吗？我们瓦谢也应该去希穆兰卡拯救世界 速速复活瓦谢加入卡池😫 👿😏😞😍😪再安排个剧情， 我曾三度遭到背叛，其一为人，我的爱人，其二为神，枫丹的水神，其三为同类，将我关入大牢🤓☝️,负面,"['剧情', '抽卡']",反讽批评剧情中反派洗白，戏谑要求加卡池
那些散黑们你们想怎么样爱玩玩不玩就都给gun，官方凭什么给主角勇者的身份，我们散宝的剧情更能和杜林共鸣，看了这群自绿的人的评论我现在已经对主角没有好感了，不如让散兵把主角杀了让我们散宝当原神主角大战天理,正面,"['剧情', '社交与同人']",强烈支持散兵角色，希望其成为主角
《奶奶我那是看透世事的不修边幅 不是宅》,中性,['其他'],对角色设定的中性调侃
这次剧情里面不是提及鹮王与月有关嘛，鹮王武器精炼材料是恒月的凝脂，但在做收集任务的时候，沙漠石板上交完也会获得一个成就与赤月有关，具体名字忘了，就是说须弥沙漠真有点东西的,中性,['剧情'],分析游戏背景设定和剧情联系
原宝：亲爱的玩家，圣遗物预设一键换装属于高端级别的优化，技术上难以实现，希望玩家们不要不识好歹。,负面,"['运营', '数值与机制']",讽刺官方在圣遗物预设功能优化上不作为
我亲爱的绿色炼金术士生日快乐，还记得当时游戏刚出的时候，我还很反感这游戏，在偶然的一次机会里，我看见了你，当时就想着我靠好好看啊，一切的反感都结束了，就想玩这游戏，就冲着你去玩这游戏，但遗憾的是一直抽不到你，看着身边的朋友一个个的都砂糖满命了，就我一个那么喜欢砂糖的人却一个都没有，直到返场我才抽到了你，抽到的那一刻我是多么的开心和激动啊，终于让我抽到了你，把所有的五星装备都给了你，即使你不是我的首发阵容，但我的每次去打怪外都一定要把你放上我的阵容，虽然如今我也已经退游了，但我亲爱的绿色炼金术士小姐，你还是在我的心中有着一席地位，还是那个我最喜欢的角色，即使在他人的眼中是那么平平无奇，只是一个工具人，但不管怎样你在我心里还是那么的独一无二，闪闪发光，再次祝贺你亲爱的绿色炼金术士小姐生日快乐,正面,"['抽卡', '社交与同人']",表达对角色砂糖的深厚情感和抽卡回忆
才想起一件事，ugc刚上线是最薄弱的时刻需要沉淀才能迸发出乐趣的火花，到时候有人带节奏说ugc无聊或者怎么怎么样的，大家记得抵制不要滑坡，另外看到的朋友们请宣传一下,中性,"['运营', '社交与同人']",理性提醒勿被带节奏，维护社区
大家不要吝啬，放开了骂，反正回过头来评论一删，大家都是纯洁善良的灵魂☝️🤓,负面,['社交与同人'],讽刺玩家骂后删评装纯洁的行为
前瞻终于来啦，还有各位玩家温馨提醒一下，如果不想影响心情记得关掉弹幕或者跑去自己喜欢的up主那里一起看，还有祝大家玩的开心,正面,"['运营', '其他']",友好提醒前瞻观看方式，表达开心
忽然想到，浓缩树脂变60，那我攒五个到新版本不是白赚100体力,正面,['数值与机制'],对浓缩树脂上限提升感到欣喜，认为能白赚体力
万人血书（1/10086）出小杜林跟随宠！！这个我是真的喜欢,正面,['其他'],表达对小杜林跟随宠的喜爱
我真无语了，这个B站的推流，这么好听的歌曲，才200万播放量,负面,['运营'],抱怨B站推流不足，歌曲播放量低
两个人带着这个机器猫，坐在床上，它俩还会猜拳，赢的一方会敲锣打鼓嘲笑另一个，太可爱了！！,正面,['其他'],描述机器猫互动可爱有趣
鼠标设计纯垃圾，这键盘看着还行，但不是全键，首发价限时减一百要799，兄弟们有用罗技键盘的吗，非全键这个价正常吗？我怎么感觉好贵,负面,['运营'],批评游戏周边键盘鼠标设计差且价格贵
背景是维系者的暗红色方块，难道说反主通过这个试剂回到了坎瑞亚毁灭的那一刻？,中性,['剧情'],推测剧情中反主与坎瑞亚的关联
我不行了看着艾尔海森站在国王后面这个国王疑似成为下一个阿扎尔,中性,['剧情'],对角色关系与剧情走向的猜测
立绘还不发？强牌慢打故作姿态😰 现在还能忍住不发立绘的是这个👍,负面,['运营'],不满官方迟迟不发角色立绘
原来这个是全家福是吗😭😭,正面,['剧情'],感慨全家福可能涉及角色关系
衣服清凉清凉的，今年夏活会是这个风格吗,中性,['活动'],猜测夏活服装风格
纳西妲我们一起玩这个₍₍Ϡ(੭•̀ω•́)੭✧⃛,正面,['其他'],表达与纳西妲互动的喜悦
优菈：这个仇，我又记下了！（等等，我为什么说“又”？）,中性,['剧情'],玩优菈记仇梗，体现角色特点
这个给绫华应该还行吧？,中性,['其他'],询问某物品是否适合绫华
米卡的 角色演示bgm跟这个挺像啊，该说不愧是从法尔伽那出来的吗,中性,['剧情'],讨论角色演示音乐与角色背景联系
这个生日贺图和文案是真的好浪漫，幻视赤壁赋了，相与枕藉乎舟中，不知东方之既白。,正面,['运营'],赞美官方生日贺图文案浪漫
真服了，丝科克歪了，就不能对我这个26级萌新好点吗！,负面,['抽卡'],抽卡歪了，抱怨运气不好
就算了是为了这个幼年鸭我也要回坑了,正面,['剧情'],为了幼年达达利亚决定回坑
这个曲风还是一股早期日本二次元的感觉啊！,中性,['其他'],评论曲风有早期二次元感觉
所以到挪德卡莱爷见到菲林斯会有这个动画吗,中性,['剧情'],询问未来剧情动画
这个pv真的为纳塔开了个好头😭,正面,['运营'],赞美纳塔PV为游戏开了好头
老米，你弄出这个 原神DOTA，比你搞那个七圣打牌，好多了吧，快弄，我想玩,正面,['活动'],建议推出原神DOTA玩法并称赞
才发现，这个是不是宵宫传说2里面的那个坐轮椅的小女孩呀,中性,['剧情'],询问是否与宵宫传说任务中的角色相关
兑换码能不能改回英文啊 PS5玩家手打中文真崩溃了 而且死活打不出“菈”这个字,负面,['运营'],抱怨兑换码输入不便，PS5平台中文输入困难
很喜欢这个活动呢 希望多来点和老角色的互动 毕竟走的国家越远 离这些老伙伴也渐行渐远了,正面,['活动'],喜欢活动，希望更多与老角色互动的机会
我的妈呀太帅了，没想到PV走的是微恐，太媚了这个小妖精,正面,['剧情'],称赞PV走微恐风格，角色很有魅力
做这个动画的演出真得加个鸡腿吧，包括番剧在内我已经很久没有看过这么出色的演出了,正面,['剧情'],高度评价动画演出，认为超越番剧
这个白色的圈圈是什么新鲜东西哇？,中性,['其他'],询问游戏内新出现的白色圈圈是什么
胡桃这个应该是四星皮吧，好希望她待机动画能戴墨镜啊,中性,['活动'],认为胡桃皮肤像四星，希望待机动画能戴墨镜
我喜欢这个版本。以前的也喜欢,正面,['其他'],表达对当前及过往版本的喜爱
关键是你能不能把集齐四人才能开的条件取消啊？新深渊刚出这个问题就被人诟病了吧，这么想让玩家多练角色？,负面,['数值与机制'],批评新深渊需集齐四人才能开的条件，强制练角色
这个黑金菠萝气泡美式..真是相当荒芜的味道,中性,['活动'],调侃联动饮品味道荒芜
瑞希这个建模真的好细好好看，特别是这次跟老角色建模比较的话,正面,['其他'],称赞瑞希建模精细，比老角色更出色
苹果气泡酒确实好喝，当年还是为了做温迪的专属食物，真.风神杂烩菜才第1次接触苹果气泡酒。现在发现这个苹果酒是真好喝,正面,['活动'],觉得苹果气泡酒好喝，回忆制作温迪专属食物
我要现在立刻马上拥有这个男人！,正面,['抽卡'],强烈想要立刻获得该男性角色
六个古名也对应了火神这个位置的命运,中性,['剧情'],讨论六个古名对应火神命运的设定
哦哦，双手剑欸，请问一下有人认识这个双手剑什么属性吗？我的火神很需要一把武器,中性,['数值与机制'],询问双手剑属性，以便为火神配装
说起来这个圣遗物是不是最新的圣遗物还是没法合成来着,中性,['数值与机制'],询问最新圣遗物是否仍无法合成
定轨必保底2次 那个是这个版本上吗,中性,['抽卡'],询问定轨保底两次的机制是否在当前版本上线
这个时候就要有人问了， 胡桃胡桃你怎么这么可爱呀,正面,['其他'],表达对胡桃角色的喜爱，夸她可爱
话说回来，各位都喝了这个咖啡吗？？,中性,['活动'],询问其他玩家是否也喝了联动咖啡
可能已经忘记了吧，这个世界上还有一个角色叫莱欧斯利。。,负面,['运营'],抱怨莱欧斯利角色被遗忘，长时间未复刻
期待有一天能用脑机玩原神,正面,['其他'],期待未来可用脑机玩原神，表达正面展望
唯一一个给了三皇冠的，也是我大世界必带的角色，尽管他身上的争议很大，但我真的很喜欢用他探索,正面,['数值与机制'],喜爱角色并投入三皇冠，表达正面情感
总结两个重要的：1.寻宝罗盘加强！ 2.雷系相关反应增强，雷系角色都喝汤，碎冰增强，冰系角色要有新流派了？,中性,['数值与机制'],总结机制改动，中性关注
"通知： 因大伟流泪，原定准备的每人一套《黑神话:悟空》（仅价值268元）取消发放，改为福利满满的《原神》自选五星（价值1500元）,请自行下载领取,望周知。 2024年8月16日",负面,['运营'],戏谑虚假通知，嘲讽运营福利不实
能dream一个原神老角色加强吗想看巴巴托斯大人更风神一点,正面,['数值与机制'],希望老角色加强，积极期待
灯火摇曳，吊灯的碎影在穹顶流转。 宴会正酣，潜行的序曲已悄然奏响。亲爱的旅行者，肯德基丨原神联名新作《代号K：夺堡奇兵》现已正式「上映」。夺「堡」行动在即，一起向古堡出发吧！,中性,['活动'],宣传联名活动，中性转述
恭喜原神获得最佳游戏奖 原神的质量我一直是认可的 原神不是快5.0开纳塔了吗 正是新玩家入坑的好时机 我手里正好有一个六十级号 很大部分的角色70+突破，90级，80级众多 神子2+0 芙芙2+0 夜兰1+0 草神2+1 还有雷神，甘雨，散兵，万叶，钟离，妮露，希格雯等强力角色 以及6命刻晴，申鹤和优菈等稀缺角色 上述所有角色都毕业起步，配队完全 手上只剩6抽了 外加送的一千原石 纳塔什么拿下什么角色都要精打细算 .. .. .. .. .. .. 我的意思是新入坑的玩家可以来找我带,正面,['社交与同人'],炫耀角色并邀请新玩家，正面互动
《原神》角色预告-「丝柯克：寰墟之叹」,中性,['剧情'],转发角色预告，中性标题
難道説？！ 只有原神玩家 才能獲得福利,中性,['运营'],调侃福利独占，中性质疑
新角色挺好的 原宝你要继续保持啊 千万别被水军带节奏,正面,"['抽卡', '运营']",肯定新角色并鼓励运营，正面支持
原神的2.0-3.2是一个完整的周期，3.3-4.8是另一个完整的周期，下一个周期会是什么样呢,中性,['剧情'],思考版本周期划分，中性讨论
大家别管🐒们了，看个原神混剪放松一下吧 BV16y4y187DM../BV14B4y1P7Kj BV1B34y127SJ../BV14B4y1P7Kj BV1yK4y1N7rD../BV14B4y1P7Kj BV1aq4y1P7PD../BV14B4y1P7Kj,正面,['社交与同人'],分享同人混剪视频，正面分享
如果真的能中的话我愿意玩一辈子原神,正面,['其他'],条件承诺长期支持，正面态度
【【带篮子】“十个原神玩家比半挂车都重”-哔哩哔哩】 【带篮子】“十个原神玩家比半挂车都重”,负面,['其他'],分享调侃玩家体重的视频，负面调侃
不想抽没人逼你抽，原神不欠你的，原神不需要让所有人都满意，而是能让能满意的人满意，不玩就滚，酷狗消停点😡😡,负面,"['抽卡', '运营']",愤怒攻击批评者，激烈维护抽卡
常驻角色的就不该限制一次，我需要它来帮我搞无主的命星,负面,"['抽卡', '数值与机制']",抱怨常驻角色抽取限制，表达不满
玩原神两年了，只出过两次双金，而这两次都是希诺宁带给我的,正面,['抽卡'],分享双金运气，正面经历
除了克洛琳德和赛索斯 其他角色全满好感,中性,['其他'],展示好感度收集进度，中性陈述
一个是唯一一个上线后加强的角色 一个是唯一一个上线后削弱的角色 不要说这是修复bug，这是动了这个角色的核心机制，已经划入削弱的范畴了,负面,['数值与机制'],批评角色核心机制被削弱，表达不满
我将退出原神，并加入原神·空月之歌和原神·千星奇域这两个更加权威的组织,负面,['其他'],宣布退出原神加入其他游戏，负面离场
期待开发 原神RTS游戏，就叫 七国时代，我要带领璃月一统七国,中性,['其他'],表达对原神衍生游戏的期待，无明显情感倾向。
太好看了，你们知道的，我从原神开服就在等火神了，她强的不可思议…后面的忘了,正面,"['抽卡', '数值与机制']",表达对火神角色的喜爱和强度满意。
真的没人吐槽深渊、幽默危战的选角色界面吗？每次点“角色详情”去调整圣遗物，都要翻老久的角色，就不能跟崩铁一样直接把已选角色在查看详情界面置顶吗,负面,['数值与机制'],吐槽选角色界面不便捷，影响游戏体验。
强烈建议开启每天大世界在玩家附近随机刷新3-4个自机角色，哪怕对话不需要太多,中性,"['剧情', '运营']",建议增加大世界角色互动，期望优化体验。
真正的全明星阵容，尤其是最后音乐会组登场的时候真的很惊喜，原神四周年快乐,正面,"['活动', '运营']",对周年活动音乐会的惊喜和祝福。
我寻思崩崩有男角色？咋的上次4.8真替春了啊，原神不是ml游戏么。。这评论区这还是国内吗,负面,['社交与同人'],质疑游戏内容变化，对社区环境不满。
果然对角色厨会有刻板印象都是有原因的啊,中性,['社交与同人'],评价角色厨刻板印象，无明显正面或负面情绪。
新角色？不敢抽啊 怕有bug,负面,"['抽卡', '数值与机制']",担心新角色有bug，不敢抽取。
标志性事件，最头部的二游放宽福利降低定价和养成成本，项目组认为现在的用户不会有之前那么高的付费欲望，这说明原神已经做到她所能做的极限了，后续就是收缩市场，稳固核心用户，能够平稳结束第一部就是好结局。 mhy很明显提前意识到这个问题，选择在原神的巅峰时期快速推出星铁和zz尽可能留下因原神入圈的用户。 至此原铁绝三角形成，最大限度的利用原神破圈的优势，为mhy带来了稳定的资金，可以 预见未来三到四年里mhy都不会遇到因为开发新游资金不足搞得老游戏半死不活的窘境了。 那么为什么mhy需要稳定的资金来源呢？单纯为了钱？那稻妻原神达到巅峰期时就该上市。然而他们没有说明他们既要钱又要公司运营的主导权。再加上星布谷地版号，据爆料有强联机和模拟经营成分；招聘有多人游戏经验的员工；在国外猛猛挖大厂墙角，诸多现象证明mhy开始逐步转变游戏的类型，星布谷地只是试水，尝试自己是否有运营一款多人网游的能力，为后续的新游做好铺垫培养人才。 也许几年后真的会有一款单机品质的二次元风格网游，一款现实中的刀剑神域，想想就令人期待。当然我的期待也不是无限的，至少今年下半年拿出星布谷地的预告和一测吧，最好最好，在今年tga现场发布下一款旗舰的预告，多画几年饼没事。,中性,"['运营', '其他']",对原神运营策略和行业趋势的理性分析，带有期待。
角色设计好一些，服饰啊技能啊啥的。看到拉踩还是很心痛,负面,"['剧情', '社交与同人']",对角色设计和社区拉踩行为感到心痛。
200w贺图呢，怎么不发啊 哦原来是掉粉了，蒸蒸日上原神,负面,"['运营', '社交与同人']",讽刺官方未发贺图，调侃粉丝数量。
送给我最热爱的游戏原神的一封信（补档X2这也能被删我真服了） 不知不觉中你已经是一个四年的老游戏了，在这四年期间经过了很多事！尽管被许多铁xz和库狗还有战力xz说你骂你，尽管有了崩铁和绝区零但我最喜欢的还是你！谢谢你！原神，在这4年里你不仅给我带来了悲伤和欢乐还让我认识了许多人和朋友，如今原宝也4周年了，祝你生日快乐！祝你越来越好！最后！原神不倒，陪你到老！,正面,['其他'],表达对原神的热爱和祝福。
阿b这是什么？阿b你看看这是哪个平台原神官方的图？你是和海森有仇吗？,负面,['社交与同人'],质疑平台发布的官方图片，表达不满。
原神陪我从小学到初三，明年也要中考了，根本无法想象以前完全没有游戏理解的自己是怎么顶着个痛苦号一路玩过来的，虽然现在还是很痛苦就是了 原神是我第一款好好喜欢过好好玩过的游戏，时间确实好快啊，怎么就五周年了呀，感谢原宝陪伴我的日子吧，期待下一年！,正面,['其他'],感谢原神陪伴成长，表达喜爱和期待。
感觉原神的怪机制膨胀的好厉害，就不能简单点嘛，开服玩家到现在深渊都打不满了,负面,['数值与机制'],抱怨怪物机制膨胀导致深渊打不满。
卖谷的时候想起来男角色了,负面,"['运营', '社交与同人']",讽刺官方卖周边时才想起男角色。
官方求赞~ 【原神】茜特菈莉篇 第一章,中性,['其他'],分享同人内容，无明显情感倾向。
森口，我等个老角色要一年了，开个三卡池行吗，加强下老角色可以吗，混池也别藏着了行不,负面,"['抽卡', '数值与机制']",抱怨老角色等待时间长，希望优化卡池和加强。
【【菈乌玛立绘】原神，你是否想重塑青少年的审美观-哔哩哔哩】 【菈乌玛立绘】原神，你是否想重塑青少年的审美观,负面,"['剧情', '社交与同人']",质疑角色设计审美，可能引起争议。
俩up角色都有没专武，简直是神池,负面,['抽卡'],讽刺两个UP角色都没有专属武器，池子质量差。
因为龙王不能赚了，所以龙王不能转了,负面,['数值与机制'],对游戏机制改动表达不满
哇，赛索斯大人好有爱啊！烤肉调料听起来好诱人，期待你的捉迷藏游戏呢！🍢🎉 快来关注转发，和我一起赢大奖吧！,正面,"['活动', '社交与同人']",对角色和社区活动表示喜爱和期待
上热搜找骂？,负面,['运营'],质疑游戏上热搜的行为
笑死，桃儿的危险发言我一点都不担心，为啥？也不看看她那位客卿是谁，是吧降魔大圣,中性,"['剧情', '社交与同人']",调侃角色间的关系，玩梗
生日快乐五郎,正面,['社交与同人'],为角色送上生日祝福
米游社下载量又开始异常了，各位小心,中性,['运营'],提醒米游社下载量异常，可能涉及安全问题
家人们快被米哈游塞满了，再塞就塞不下啦,中性,['活动'],调侃游戏内容过多
巡海游侠温馨提示，警惕寿瘟祸祖、螟蛉祸祖以及反有机方程的危害。 享受游戏，享受故事,正面,['剧情'],引用游戏世界观，鼓励享受故事
啊，散兵，真可怜，又被他们欺负了对吧😭你应该知道，只有我才是你的朋友，只有我爱你啊😘为什么😡，为什么要害怕我😡，明明我对你这么好😡，啊😨，对不起😭，我不是故意要打你的😭，但是谁叫你是坏孩子😡，原谅我，我会把所有的爱都给你❤️，对不起🌹我爱你🌹对不起🌹我爱你🌹对不起🌹我爱你🌹,正面,"['社交与同人', '剧情']",对角色的同人创作和情感表达
明年记得补上20年到23年的五星自选，不许失忆,负面,"['活动', '运营']",要求补上往年的五星自选活动，表达不满
我要一层全是“好好”的楼层,中性,['其他'],无实质内容，社区灌水
我澄清一下，我们小孩哥是这样的,中性,['社交与同人'],玩梗澄清
皇女生日快乐！🎁 抽我抽我 想要菲谢尔立牌 幽夜净土万岁 🤯,正面,"['活动', '社交与同人']",角色生日祝福和参与活动
下边娅娅的小翅膀可爱捏😋,正面,['社交与同人'],赞美角色可爱
啥情况 可以告诉我吗？,中性,['其他'],询问发生了什么
过于生草，这日综的味儿也太纯正了，嘉宾大头、字体设计、颜色配色简直完美！这得上班期间看了多少综艺节目才能剪出这玩意儿？,正面,['运营'],称赞官方视频的剪辑风格
有完整的背景音乐吗？,中性,['其他'],询问背景音乐资源
看隔壁风堇受苦了，到这边来治愈一下,中性,['其他'],提到其他游戏，寻求治愈
四星陪跑卖五星,负面,['抽卡'],批评将四星角色作为商品售卖的行为
3号我刚好要去研学,中性,['其他'],个人行程分享
新版本东西太多了，已经昏迷,负面,['其他'],表示新版本内容太多导致昏迷，带有抱怨语气
⚡为了妮，我变成狼人模样⚡ ⚡为了妮，染上了疯狂~⚡ ⚡为了妮，穿上厚厚的伪装⚡ ⚡为了妮，换了心肠⚡ ⚡我们还能不能再见面⚡ 🙏🏻我在佛前苦苦求了几千年🙏🏻,正面,['社交与同人'],用歌词梗表达对角色狂热喜爱，属于粉丝应援文化
我想盖一个原宝五周年快乐的楼,正面,['社交与同人'],表达想盖楼庆祝原神五周年，传递祝福和正面情绪
科隆奖值0.625个TGA奖，望周知,中性,['其他'],讨论科隆奖与TGA奖的换算关系，没有明显情感倾向
如何？24分圣遗物,中性,['数值与机制'],展示24分圣遗物并询问评价，属于数值讨论
孩子们我也去冲树了，待我洗白出来，进卡池！！,正面,"['抽卡', '剧情']",表示要去'冲树'并期待洗白进卡池，充满期待和正面情感
娜维娅抽出来了爱可菲抽卡出来了伊法就两只欧洛伦就一只谁懂,负面,['抽卡'],抱怨抽卡结果，伊法和欧洛伦出货少，语气无奈不满
未来配队:生 死 时 空,中性,['数值与机制'],讨论未来配队思路，属于游戏机制探讨
看了其他地方评论区里的解析，葵可（chuychu）的名字来源是K'uychi，意思是彩虹，也是印加帝国的彩虹之神的名字。第四幕的名字，命定将焚的虹光，已经暗示了葵可必然牺牲。 只有葵可牺牲，恰斯卡才能超越苦难；只有恰斯卡达成了超越，六英雄才会齐聚；只有六英雄齐聚，火神才能开启还魂诗plus；只有有了还魂诗，后续的牺牲者才能复活。 所以啊，某种意义上，葵可是注定会死的，她的死将是开启纳塔全线反击的契机。火神也许也知道这一点，唉…… 编剧你还我葵可啊,负面,['剧情'],分析剧情后对葵可牺牲表达不满，批评编剧
日推珐露珊生日贺图,中性,['社交与同人'],提及官方发布的生日贺图，无强烈情感
可以和艾莲打永冻吗,中性,['数值与机制'],询问能否与艾莲组永冻队，属于配队讨论
哈哈，你们也来看粉丝数了,中性,['社交与同人'],调侃大家来看粉丝数，是一种社区互动
终于轮到我了吗？,正面,['其他'],表达终于轮到自己的期待，可能指抽卡或活动机会
绫华再出个皮肤吧,正面,['运营'],希望为绫华再出皮肤，表达正面诉求
胡桃和香菱的cp好甜啊,正面,['社交与同人'],表达对胡桃和香菱CP的喜爱，觉得甜蜜
加快点出皮肤的频率吧，我们需要更多高精度的建模，为了皮肤我什么都可以做的,正面,['运营'],呼吁加快皮肤更新频率，表达积极意愿
我该谢谢你吗,负面,['其他'],反讽语气，表达不满或无奈
原宝！纳西妲生日最后的合影有高清图么？爱了啊！！,正面,['社交与同人'],求纳西妲生日合影高清图并表达强烈喜爱
“执行官围攻”事件的热血套路 荧一边和博士扯皮一边在背后从手心缓慢积蓄火元素，后方的仆人虽然察觉到异样但没有出声提醒，只是让木偶和公子和自己同时出手。荧突然唤出斩岩向前方横斩，飞出一个10米长的剑气，博士反应迅速在发现被锁定时同样唤出特制太刀激发冰焰格挡并强行停在原地，与此同时他在外面的士兵开始自由射击。仆人唤出血镰冲向荧，木偶站在公子旁边对她的位置炮火犁地，公子则原地开大，然而荧在放完剑气后果断施展雷元素身法主动接近仆人，并抓住她的武器猛地将他甩向公子…身后刚召唤的鲸鱼，仆人在失去重心的瞬间立刻施展护盾，下一刻的撞击直接把鲸鱼撞散，荧在冲峰的过程躲开了大部分火力，并在接近的时候凝聚大型荒星（空心）将三人罩住，在将它砸向地面的时候还不忘补一次巨型水球。而完成整个动作的时间刚好持续到飞向博士的剑气正式消散 博士目睹了全过程异常震惊，仆人以前和他说过金发旅者的实力撑死在八席水准，但那道剑气除了夜魂能量，还有极强的月矩力，她身上的范围护盾（只挡远程）和后续砸出的空心荒星同样有月矩力的加持，没算错的话里面装的水差不多有其容积的两倍，而且这里不是枫丹，荒星目前的强度在仆人未变身的情况下无法被打破，最多五分钟他们就会溺死在里面。博士特意喊上他俩只不过是为了对金发旅者诛心，却没想到她出手如此狠辣，难道少女已经…在甩掉这个可怕的念头后他立刻对荧疯狂攻击，周围的士兵则在等她和二席分开并停止移动的时候迅速集火，荧之前为了困住后方的执行官本就有些脱力，因此只能被动防守，万幸的是大气中的火雷元素浓度不知为何异常升高，为她缓解了不少压力。然而在交手数分钟后，荒星后面传来木偶的怒吼（普隆尼亚在即将被罩住时果断将她丢出范围，随后震起的雪／烟尘刚好把她盖住没被发现）：“多托雷！你特么在抽什么风！先把他们放出来啊！！”博士满脸黑线的停止攻击，下一刻浅蓝色的剑气削去荒星的侧面，仆人和公子在肺内氧气耗尽之前终于脱困，看见这一幕他才反应过来，这俩货从被困住的那一刻就在开始变身，但荒星完美的阻隔了元素力进出，他俩一直都没成功，同时聚拢的元素力又立刻被旅行者利用起来反攻自己，随后木偶表示普隆尼亚被水泡坏了无法继续战斗决定带上他俩撤离，博士反应过来差点气得吐血… （未完待续）,正面,['社交与同人'],创作同人文，描述战斗情节并投入正面情感
有男不玩的，就不要来男人的生日贺图底下发疯了。#达达利亚至冬第一爱抖露#,正面,['社交与同人'],维护角色达达利亚，反对黑粉表达支持
为什么瓦尔特能约到希诺宁？ 因为他是 约阿希姆·诺基安维塔宁，简称约希诺宁。,中性,['其他'],谐音梗冷笑话，无明确情感倾向
为什么玛薇卡要开着摩托车去打深渊，是不是应该叫做“摩”神战争？,中性,['其他'],谐音梗冷笑话，无明确情感倾向
你知道为什么外地的千织和万叶都回来玩而阿帽同学只是寄东西回家而已吗？ 因为他开学了,中性,['其他'],谐音梗冷笑话，无明确情感倾向
为什么我感觉一股中药味,中性,['其他'],模糊吐槽，无明显情感偏向
为什么苏轼总是被贬? 苏轼是贬佬仔。 苏轼被贬时，朝廷指着官员名册说:来裁,中性,['其他'],无关游戏内容的苏轼梗
你们知道蚊子为什么不在星期三出没吗？ 因为星期三是「wednesday」。,中性,['其他'],谐音梗冷笑话，无明确情感倾向
喜欢！不知道为什么这么善良可爱的角色会被骂，上线就抽，耶耶,正面,"['抽卡', '剧情']",表达对角色的喜爱，并明确表示上线就抽
其他平台为什么要喷新的女角色？,中性,"['运营', '剧情']",询问新女角色被喷的原因，涉及舆论与角色
你猜为什么评论这么少当然是因为因为删评论控评,负面,['运营'],指责官方删评论控评
夜兰见到琴团长会被惊吓，见到希诺宁会慌张，这是为什么，因为“夜惊于琴慌于希”（业精于勤荒于嬉）,中性,['其他'],谐音梗冷笑话，无明确情感倾向
为什么旅行者打赢了温迪？ 自己却感冒了 因为 伤风了,中性,['其他'],谐音梗冷笑话，无明确情感倾向
为什么纳塔人一见到瓦蕾莎就夸她？ 因为她是真的牛瓦,中性,['其他'],谐音梗冷笑话，无明确情感倾向
各位，今天到了，可以来个那个吗,中性,['其他'],模糊请求，无明确情感倾向
后面那段声音好像女王啊，特别是那个“毫无意义”。,正面,['剧情'],称赞声音像女王，表达正面感受
“为什么焖锅达人不做鸽子” “因为不会把鸽焖”,中性,['其他'],谐音梗冷笑话，无明确情感倾向
这不比火神那个有意思吗,正面,['其他'],认为比火神那个更有意思，表达正面看法
为什么不发200贺图，是不喜欢吗🤓,负面,['运营'],质问为何不发200贺图，带有不满
有些人问为什么伊涅芙的pv为什么这么多爱诺的镜头，因为爱诺就是她的全部,中性,['剧情'],解释PV内容，陈述角色关系
为什么不能用女角色打纳塔的龙，因为它们会在掉材料时对你说：“牙医姐，我不想死。”,中性,['其他'],谐音梗冷笑话，无明确情感倾向
我可以听那个吗,中性,['其他'],模糊请求，无明确情感倾向
我也想听那个！就是那个！,正面,['其他'],表达想听某个内容的期待
那个，上次的翅膀能不能复刻一下,中性,['活动'],请求复刻翅膀，属于活动内容
都是水军是吧？为什么被夸时不说水军被骂了就开始说水军？为什么你粉丝一堆乱码昵称零级号？为什么只发水军数量不发总数量和真玩家数量？为什么撤热搜买热搜？,负面,['运营'],批评质疑运营方水军行为
你知道为什么烟绯可以定位璃月的奇珠异宝吗？因为“烟觅珠”（烟谜主）。,中性,['其他'],玩谐音梗解释角色能力
所以为什么都说是成品稿临时改的？感觉这么改也没好处啊？有没有人帮我解答一下？？,中性,['运营'],询问内容修改原因
为什么欧洛伦往前刺拳总是打不痛敌人？因为洛伦兹力总与运动方向垂直⊥。,中性,['数值与机制'],玩梗吐槽角色攻击力低
终于！想听那个…就是，那个，可以吗,正面,['其他'],表达听到某内容的期待
那个，大陆通则,中性,['剧情'],提及剧情中的大陆通则
为什么不能今天开卡池,负面,['抽卡'],对卡池未今天开放表示不满
丝柯克为什么命座不是自己，她已经受提瓦特的命运左右了吗,中性,"['剧情', '数值与机制']",对角色命座设定的剧情和机制疑问
“和尚，和尚，去把老子那个——”,中性,['剧情'],引用或玩梗剧情台词
为什么低级小号所在地都是广东呢,负面,['运营'],质疑水军行为
你们知道为什么要斯露莎给纳西妲庆祝生日吗？因为它是花灵（花玲）,中性,['剧情'],玩谐音梗解释剧情彩蛋
在若陀龙王周本中梦见月瑞希一定要和钟离组队，否则就会变成“梦瑞希”。你知道为什么吗？因为如果配队里没有钟离，若陀就会说“凡人，休得见月（僭越）！”,中性,"['数值与机制', '剧情']",分享配队梗和剧情台词
各位开拓者，绳匠，旅行者，可以跟我说句那个吗,正面,['社交与同人'],请求其他玩家祝福
我100天能不能问？问了不会就再也得不到纯真高洁的灵魂了吧😭 为什么万叶会漂泊🤔 为什么神里家会没落🤔 为什么雷电五传会失传🤔 为什么须弥人差点沉浸在梦中醒不过来🤔 为什么妮露自个差点被别人利用似掉🤔 你说呢，高洁而又善良的☔🧊 🤓👆这时有人又要问了 为什么女士会黑化🤔 为什么狼王只剩残魂🤔 为什么四风守护只剩西风了🤔 你说呢，杜林🐲 _(克拉拉 给你心心)_(克拉拉 给你心心),中性,['剧情'],玩梗提问涉及各游戏剧情
那个那个那个可以嘛,正面,['其他'],表达期待请求
为什么不放上半,负面,['抽卡'],对卡池安排不满
那个紫色的星级没打满有什么影响吗？我第八幕没拿到，只有七颗，但是奖励好像都能领。,中性,['数值与机制'],询问游戏内星级完成度的机制影响
你猜猜为什么只有娜维娅和绮良良？因为见证者在见证仙子和勇者在一起呢,中性,['剧情'],玩剧情梗解释
为什么养成材料还有特定天数开放的限制？圣遗物套装预设系统什么时候能出？,负面,['数值与机制'],抱怨养成材料时间限制和圣遗物预设缺失
三月14是什么情人节来着？,中性,['其他'],询问无关游戏的情人节日期
评论区破防的都是什么人？他们估计也知道麋鹿拉假表骗人的事，火神实际超仆人百分之五十～,中性,['数值与机制'],讨论角色强度对比，认为火神很强
你们四个把日子过好比什么都强！！ 原宝四周年快乐！！,正面,['运营'],庆祝四周年，表达祝福
那个，平台是什么我下一个,中性,['其他'],询问游戏下载平台
什么复制军团，还都是20小时前，暑假工是吧,负面,['社交与同人'],讽刺评论区内容雷同，怀疑水军
仆人也是火系长枪，什么时候出衣服啊？,中性,['运营'],希望出仆人皮肤
什么时候出《八奇炼桃都》的专辑啊,中性,['其他'],希望出游戏音乐专辑
哔站一到店，所有人便都看着他笑🤣🤣，有的叫道，“哔站，你又吞原神的流量了哦🤗🤗！”他不回答，对用户说，“给我充一个年度会员，在帮我买这些套餐。”便排出九文大钱🤓🤓。 他们又故意的高声嚷道😝😝，“你一定吞原神的流量了！” 哔站睁大眼睛说，“你怎么这样凭空污人清😡白……”“什么清白？我前天亲眼见你吞掉那些视频的数据呢，好几十万呢，😜😜这不算吞流量？。” 哔站便涨红了脸，额上的青筋条条绽出😠😠，争辩道，“吞黑流量不能算吞……流量！……读书人的事，能算吞么？😡😡”接连便是难懂的话，什么“君子固穷”，什么“者乎”之类，引得众人都哄笑起来😂店内外充满了快活的空气。🤣🤣,负面,['社交与同人'],用段子讽刺B站限流原神视频
因为冬夜愚戏的饼入坑的，你知道我在等什么,中性,['剧情'],表达对冬夜愚戏后续剧情的期待
我就一年没完，就到这了？其实我过完枫丹，就想着什么时候出冰了再玩，现在看来马上得回坑了哈,正面,['剧情'],期待冰之国剧情，准备回坑
什么时候复刻,中性,['抽卡'],询问角色复刻时间
什么时候才能遇到像宵宫一样的人呢…,正面,['剧情'],表达对宵宫角色的喜爱
才入坑一个月，芙芙什么时候复刻呀,中性,['抽卡'],询问芙宁娜复刻时间
粉丝半小时涨了五万，你有什么头绪吗,中性,['其他'],调侃粉丝数量增长
拉乌玛有什么大世界配队么,中性,['数值与机制'],询问角色配队建议
求求让我出奶奶吧，我什么都会做的,中性,['抽卡'],祈求抽到奶奶角色
我现在路过蛋卷工坊还能听到伊涅芙在喊：救——命——啊——（无感情） 是因为我有什么任务没做吗🤔,中性,['剧情'],询问是否未完成任务导致NPC喊话
那什么时候能玩到120帧原神捏,中性,['数值与机制'],希望游戏支持120帧
mxz一到评论区，所有冲的人便都看着它笑，有的叫道：“mxz，你跌又有逆天剧情了！”它不回答，对社管说：“画两张☔图，要一个流水表。”便排出九个原石。他们又故意的高声嚷道：“你一定又吃了新剧情的屎了！”mxz睁大眼睛说：“你怎么这样凭空污人清白。” “什么清白？我亲眼看到你护食新剧情的屎，被人挂着拷打。”mxz便涨红了脸，额上的青筋条条绽出，争辩道：“辩论不能算护食，辩论！米家畜的事，能算护食么？”接连便是难懂的话，什么“机器人”，什么“友商针对”“本性不坏”之类，引得众人都哄笑起来，评论区上下充满了快活的空气,负面,['社交与同人'],讽刺无脑护主的玩家
啊？发生什么事情了，我这才入坑2个月，正疯狂肝到须弥呢，怎么一进官方号里大家都在发这种评论？怎么，又起什么节奏了吗？,中性,['其他'],玩家对社区节奏感到疑惑，未表达正面或负面情绪。
点了修复也没用，什么问题啊,负面,['其他'],反馈修复功能无效，表达不满。
诶对了，妮露4.8之前的角色语音和4.8剧情态度完全不一样，你有什么头绪吗🤓☝,中性,['剧情'],质疑角色语音与剧情态度不一致，带调侃意味。
什么时候能加剧情跳过啊，你看你妹都加了,负面,"['剧情', '数值与机制']",要求增加剧情跳过功能，表达不满。
现在我就希望官方赶紧的别TM谜语人了，到底提瓦特面临什么，到底妹妹要干嘛，愚人众和女皇目的什么要怎样，天理到底什么情况。七神到底在干嘛。一直在整些云里雾里的我从2.3玩到现在了，到底有完没完啊。我真的快没耐心了。,负面,['剧情'],抱怨剧情过于谜语，失去耐心。
耶，我看的时候1314个评论,正面,['其他'],看到特定评论数感到高兴。
小龙补药离开我哇偶内盖，我什么都会做的,正面,['剧情'],表达对剧情角色小龙的喜爱和不舍。
武器池抽什么性价比最高啊？有大佬推荐一下吗？,中性,['抽卡'],询问武器池性价比，无情绪倾向。
背景音乐叫什么名字啊,中性,['其他'],询问BGM名称，无情绪。
卧槽，什么情况啊，你们这不是自家人打自家人吗？有🐦大的跟哥们说一下咋回事吗？吃瓜过来的,中性,['其他'],对社区纷争表示惊讶和好奇。
原宝你好什么时候复刻克洛琳德,中性,['抽卡'],询问角色复刻时间，无情绪。
1:34 好像有什么奇怪的东西,中性,['其他'],指出视频某时间点有奇怪元素。
所以 钟离和申鹤到底要藏到什么时候！,负面,['抽卡'],抱怨钟离和申鹤长时间未复刻，表达不满。
大家说一说1小时45分钟的前瞻内都吃了什么零食吧 我先来，薯片，薯条，魔芋爽 果脯，果冻，巧克力 看到了在评论区接！,正面,['社交与同人'],分享零食，营造轻松社区氛围。
感觉丽莎是那种无论什么要求都会答应旅行装的类型,中性,['社交与同人'],讨论角色性格，无明显情绪。
该pv完美的剪出了一个主角刀了的预告，我明白了什么是预告片,正面,['剧情'],称赞PV剪辑出色，预测剧情刀。
我是胡桃的什么？,中性,['社交与同人'],玩胡桃相关的梗，无情绪。
我知道你要看什么 支持米哈游的大家别管🐒们了，看个原神混剪放松一下吧 BV16y4y187DM../BV1GJ411x7h7 BV1B34y127SJ../BV1GJ411x7h7 BV1yK4y1N7rD../BV1GJ411x7h7 BV1aq4y1P7PD../BV1GJ411x7h7,正面,['社交与同人'],支持米哈游，鼓励忽略黑粉，分享同人视频。
原宝你什么时候更新一下一加刻晴的QQ表情包等好久啦,中性,['其他'],要求更新角色表情包，无强烈情绪。
说个题外话，我在音符睡买的联动是最晚5.10发货，前瞻直播结束一个小时内买的（甚至半小时内）感觉好晚，你们是什么时候,中性,['运营'],讨论联动发货时间，无情绪。
